<?xml version="1.0" encoding="utf-16"?>
<config_generation>
  <novelty_detection_measurement step="1" measure_in_training="false" measure_in_testing="false" />
  <trials>
    <trial notify_novelty="false">
      <count>1</count>
      <repeats>0</repeats>
      <checkpoint>
        <limit type="time">200</limit>
        <limit type="interaction">200</limit>
      </checkpoint>
      <training>
        <limits>
          <limit type="time">180</limit>
          <limit type="interaction">60000</limit>
          <limit type="attempt_per_level">1</limit>
          <limit type="allow_level_selection">true</limit>
        </limits>
        <game_level_sets>
          <game_level_set novelty_level="0" novelty_type="2" amount="1-20" />
        </game_level_sets>
      </training>
      <test ordered="true">
        <game_level_sets></game_level_sets>
      </test>
    </trial>
  </trials>
</config_generation>
